Analyte,Sort Order,Percent Acres Treated,One Time Application Rate,Number of Applications,Rate per Crop Year,Surveyed Acre Treatments,Surveyed Acres,Total Acres,year
"2,4-D",20,0.07,0.69,1.2,0.9,57537.984,37500,37500.02737,2008
Glyphosate,2170,0.66,0.69,2.4,1.68,1085001.984,640000,640000.4672,2008
Norflurazon,3150,0.03,1.09,1.1,1.2,22604.208,24100,24100.01759,2008
Oryzalin,3210,0.26,1.51,1.1,1.74,195903.136,258000,258000.1883,2008
Oxyfluorfen,3240,0.5,0.48,1.4,0.7,479483.2,203400,203400.1485,2008
Paraquat,3290,0.29,0.49,1.1,0.57,218507.344,97000,97000.07081,2008
Pendimethalin,3320,0.06,1.52,1.1,1.72,45208.416,56300,56300.0411,2008
Simazine,3930,0.1,0.75,1.1,0.85,75347.36,47200,47200.03445,2008
Other Herbicides,7002,0,,,,0,25500,25500.01861,2008
