Analyte,Sort Order,Percent Acres Treated,One Time Application Rate,Number of Applications,Rate per Crop Year,Surveyed Acre Treatments,Surveyed Acres,Total Acres,year
"2,4-D",20,0.07,0.69,1.2,0.9,52960.572,37500,37500.02379,2003
Glyphosate,2170,0.66,0.69,2.4,1.68,998685.072,640000,640000.406,2003
Norflurazon,3150,0.03,1.09,1.1,1.2,20805.939,24100,24100.01529,2003
Oryzalin,3210,0.26,1.51,1.1,1.74,180318.138,258000,258000.1637,2003
Oxyfluorfen,3240,0.5,0.48,1.4,0.7,441338.1,203400,203400.129,2003
Paraquat,3290,0.29,0.49,1.1,0.57,201124.077,97000,97000.06154,2003
Pendimethalin,3320,0.06,1.52,1.1,1.72,41611.878,56300,56300.03572,2003
Simazine,3930,0.1,0.75,1.1,0.85,69353.13,47200,47200.02995,2003
Other Herbicides,7002,0,,,,0,25500,25500.01618,2003
