Analyte,Sort Order,Percent Acres Treated,One Time Application Rate,Number of Applications,Rate per Crop Year,Surveyed Acre Treatments,Surveyed Acres,Total Acres,year
"2,4-D",20,0.07,0.69,1.2,0.9,48474.468,37500,37500.02164,2001
Glyphosate,2170,0.66,0.69,2.4,1.68,914089.968,640000,640000.3693,2001
Norflurazon,3150,0.03,1.09,1.1,1.2,19043.541,24100,24100.01391,2001
Oryzalin,3210,0.26,1.51,1.1,1.74,165044.022,258000,258000.1489,2001
Oxyfluorfen,3240,0.5,0.48,1.4,0.7,403953.9,203400,203400.1174,2001
Paraquat,3290,0.29,0.49,1.1,0.57,184087.563,97000,97000.05597,2001
Pendimethalin,3320,0.06,1.52,1.1,1.72,38087.082,56300,56300.03249,2001
Simazine,3930,0.1,0.75,1.1,0.85,63478.47,47200,47200.02724,2001
Other Herbicides,7002,0,,,,0,25500,25500.01471,2001
