Analyte,Sort Order,Percent Acres Treated,One Time Application Rate,Number of Applications,Rate per Crop Year,Surveyed Acre Treatments,Surveyed Acres,Total Acres,year
"2,4-D",20,0.07,0.69,1.2,0.9,53778.312,37500,37500.01171,2005
Glyphosate,2170,0.66,0.69,2.4,1.68,1014105.312,640000,640000.1999,2005
Norflurazon,3150,0.03,1.09,1.1,1.2,21127.194,24100,24100.00753,2005
Oryzalin,3210,0.26,1.51,1.1,1.74,183102.348,258000,258000.0806,2005
Oxyfluorfen,3240,0.5,0.48,1.4,0.7,448152.6,203400,203400.0635,2005
Paraquat,3290,0.29,0.49,1.1,0.57,204229.542,97000,97000.0303,2005
Pendimethalin,3320,0.06,1.52,1.1,1.72,42254.388,56300,56300.01759,2005
Simazine,3930,0.1,0.75,1.1,0.85,70423.98,47200,47200.01474,2005
Other Herbicides,7002,0,,,,0,25500,25500.00797,2005
